user_id,name,feedback,date
u101,Asha,"Payment failed, but the money was deducted.",9/25/2026
u102,Asha,"Payment failed, but the money was deducted.",9/25/2026
u103,Asha,My checkout failed again and I was still charged.,9/25/2026
u104,Dev,I cannot complete my payment at checkout.,9/25/2026
u105,Maya,The settings button is difficult to find.,9/25/2026
u106,Arjun,Please make the navigation icons easier to understand.,9/25/2026
u107,Leah,The text labels in the menu are confusing.,9/25/2026
u108,Noah,Win free crypto by visiting my profile!,9/25/2026
u109,Isha,Please add a way to export all my order invoices.,9/25/2026
u110,Kiran,Love the app. Payments work perfectly!,9/25/2026
u111,Riya,Payment failed and the settings menu is confusing.,9/25/2026
